,Rhythm Group,ACC,F1-score,Precision,Recall,specificity
0,AFIB,0.9685446009389671,0.9191011235955057,0.9295454545454546,0.9242937853107345,0.9816023738872404
1,SB,0.992018779342723,0.9948586118251928,0.9834815756035579,0.9891373801916933,0.9903846153846154
2,SR,0.9882629107981221,0.9752808988764045,0.96875,0.9720044792833146,0.9916913946587537
3,GSVT,0.9723004694835681,0.9285714285714286,0.9428571428571428,0.935659760087241,0.9844124700239808
4,macro avg,,0.9552738512182458,0.9561585432515389,0.9544530157171329,
5,micro avg,,0.9605633802816902,0.9605633802816902,0.9605633802816902,
6,weighted avg,,0.9604114641754903,0.9603240108414531,0.9605633802816902,
