,Rhythm Group,ACC,F1-score,Precision,Recall,specificity
0,AFIB,0.964319248826291,0.8921348314606742,0.9341176470588235,0.9126436781609195,0.9833827893175074
1,SB,0.9901408450704225,0.9910025706940874,0.9821656050955414,0.9865642994241841,0.9896449704142012
2,SR,0.9816901408450704,0.9640449438202248,0.9491150442477876,0.9565217391304348,0.9863501483679525
3,GSVT,0.9727699530516432,0.9437229437229437,0.9316239316239316,0.9376344086021506,0.9808153477218226
4,macro avg,,0.9483410313294223,0.9492555570065211,0.9477263224244825,
5,micro avg,,0.9544600938967136,0.9544600938967136,0.9544600938967136,
6,weighted avg,,0.9542313297750524,0.954259927138981,0.9544600938967136,
