,Rhythm Group,ACC,F1-score,Precision,Recall,specificity
0,AFIB,0.968075117370892,0.9146067415730337,0.931350114416476,0.9229024943310657,0.9821958456973294
1,SB,0.9915492957746479,0.993573264781491,0.9834605597964376,0.9884910485933504,0.9903846153846154
2,SR,0.9873239436619718,0.9730337078651685,0.9665178571428571,0.9697648376259799,0.9910979228486647
3,GSVT,0.9723004694835681,0.9329004329004329,0.9389978213507625,0.9359391965255156,0.9832134292565947
4,macro avg,,0.9542743942689779,0.9550815881766334,0.9535285367800315,
5,micro avg,,0.9596244131455399,0.9596244131455399,0.9596244131455399,
6,weighted avg,,0.9594774212776058,0.9593899325491003,0.9596244131455399,
