,Rhythm Group,ACC,F1-score,Precision,Recall,specificity
0,AFIB,0.967605633802817,0.9258426966292135,0.9196428571428571,0.9227323628219485,0.9786350148367953
1,SB,0.9934272300469483,0.993573264781491,0.9884910485933504,0.991025641025641,0.9933431952662722
2,SR,0.9859154929577465,0.9573033707865168,0.9748283752860412,0.9659863945578232,0.9934718100890207
3,GSVT,0.9704225352112676,0.9329004329004329,0.9308855291576674,0.9318918918918918,0.9808153477218226
4,macro avg,,0.9529090725743261,0.953461952544979,0.9524049412744136,
5,micro avg,,0.9586854460093897,0.9586854460093897,0.9586854460093897,
6,weighted avg,,0.9587003989699537,0.958758144933018,0.9586854460093897,
