,Rhythm Group,ACC,F1-score,Precision,Recall,specificity
0,AFIB,0.9694835680751174,0.9191011235955057,0.9337899543378996,0.92638731596829,0.9827893175074184
1,SB,0.9906103286384976,0.9948586118251928,0.979746835443038,0.9872448979591836,0.9881656804733728
2,SR,0.9887323943661972,0.9707865168539326,0.9751693002257337,0.9729729729729729,0.9934718100890207
3,GSVT,0.9723004694835681,0.9329004329004329,0.9389978213507625,0.9359391965255156,0.9832134292565947
4,macro avg,,0.9556360958564906,0.9569259778393585,0.9544116712937659,
5,micro avg,,0.9605633802816902,0.9605633802816902,0.9605633802816902,
6,weighted avg,,0.9604205483501856,0.96035065714533,0.9605633802816902,
