,Rhythm Group,ACC,F1-score,Precision,Recall,specificity
0,AFIB,0.9685446009389671,0.9258426966292135,0.9237668161434978,0.9248035914702581,0.9798219584569733
1,SB,0.9915492957746479,0.993573264781491,0.9834605597964376,0.9884910485933504,0.9903846153846154
2,SR,0.9882629107981221,0.9685393258426966,0.9751131221719457,0.971815107102593,0.9934718100890207
3,GSVT,0.9727699530516432,0.9307359307359307,0.9429824561403509,0.9368191721132898,0.9844124700239808
4,macro avg,,0.9554822298198727,0.9563307385630581,0.954672804497333,
5,micro avg,,0.9605633802816902,0.9605633802816902,0.9605633802816902,
6,weighted avg,,0.9604938094774109,0.9604656257318511,0.9605633802816902,
