,Rhythm Group,ACC,F1-score,Precision,Recall,specificity
0,AFIB,0.967605633802817,0.9213483146067416,0.9234234234234234,0.9223847019122609,0.9798219584569733
1,SB,0.9910798122065728,0.9910025706940874,0.9846743295019157,0.9878283151825753,0.9911242603550295
2,SR,0.9892018779342723,0.9730337078651685,0.9752252252252253,0.9741282339707535,0.9934718100890207
3,GSVT,0.9723004694835681,0.9329004329004329,0.9389978213507625,0.9359391965255156,0.9832134292565947
4,macro avg,,0.9550701118977765,0.9555801998753317,0.9545712565166076,
5,micro avg,,0.960093896713615,0.960093896713615,0.960093896713615,
6,weighted avg,,0.96003877674872,0.9599963711104185,0.960093896713615,
