,Rhythm Group,ACC,F1-score,Precision,Recall,specificity
0,AFIB,0.967605633802817,0.9191011235955057,0.9253393665158371,0.9222096956031568,0.9804154302670623
1,SB,0.9910798122065728,0.9910025706940874,0.9846743295019157,0.9878283151825753,0.9911242603550295
2,SR,0.9882629107981221,0.9730337078651685,0.9708520179372198,0.9719416386083053,0.9922848664688427
3,GSVT,0.9723004694835681,0.9329004329004329,0.9389978213507625,0.9359391965255156,0.9832134292565947
4,macro avg,,0.9544797114798883,0.9549658838264338,0.9540094587637986,
5,micro avg,,0.9596244131455399,0.9596244131455399,0.9596244131455399,
6,weighted avg,,0.9595453904840058,0.9594829990132173,0.9596244131455399,
