,Rhythm Group,ACC,F1-score,Precision,Recall,specificity
0,AFIB,0.9685446009389671,0.9235955056179775,0.9256756756756757,0.9246344206974129,0.9804154302670623
1,SB,0.9901408450704225,0.9897172236503856,0.9833971902937421,0.9865470852017938,0.9903846153846154
2,SR,0.9877934272300469,0.9685393258426966,0.9729119638826185,0.9707207207207207,0.9928783382789318
3,GSVT,0.9727699530516432,0.935064935064935,0.9391304347826087,0.9370932754880694,0.9832134292565947
4,macro avg,,0.9547488755269993,0.9552788161586612,0.9542292475439987,
5,micro avg,,0.9596244131455399,0.9596244131455399,0.9596244131455399,
6,weighted avg,,0.959579231687114,0.9595459035312383,0.9596244131455399,
