,Rhythm Group,ACC,F1-score,Precision,Recall,specificity
0,AFIB,0.968075117370892,0.9123595505617977,0.9333333333333333,0.9227272727272727,0.9827893175074184
1,SB,0.9901408450704225,0.987146529562982,0.9858793324775353,0.9865125240847784,0.9918639053254438
2,SR,0.9826291079812206,0.9775280898876404,0.9415584415584416,0.9592061742006616,0.9839762611275964
3,GSVT,0.971830985915493,0.9264069264069265,0.9427312775330396,0.9344978165938864,0.9844124700239808
4,macro avg,,0.9507359469016499,0.9508755962255875,0.9508602741048366,
5,micro avg,,0.956338028169014,0.956338028169014,0.956338028169014,
6,weighted avg,,0.9561995863320488,0.9562830097251768,0.956338028169014,
