,Rhythm Group,ACC,F1-score,Precision,Recall,specificity
0,AFIB,0.9690140845070423,0.9258426966292135,0.9258426966292135,0.9258426966292135,0.9804154302670623
1,SB,0.9910798122065728,0.9922879177377892,0.9834394904458599,0.9878438899552144,0.9903846153846154
2,SR,0.9887323943661972,0.9707865168539326,0.9751693002257337,0.9729729729729729,0.9934718100890207
3,GSVT,0.9732394366197183,0.9329004329004329,0.9431072210065645,0.9379760609357998,0.9844124700239808
4,macro avg,,0.9561589051233003,0.9568896770768429,0.955454391030342,
5,micro avg,,0.9610328638497653,0.9610328638497653,0.9610328638497653,
6,weighted avg,,0.9609673518828492,0.9609304217241141,0.9610328638497653,
