,Rhythm Group,ACC,F1-score,Precision,Recall,specificity
0,AFIB,0.9708920187793427,0.9280898876404494,0.9322799097065463,0.9301801801801802,0.9821958456973294
1,SB,0.9910798122065728,0.9948586118251928,0.9809885931558935,0.9878749202297383,0.988905325443787
2,SR,0.9868544600938968,0.9617977528089887,0.9749430523917996,0.9683257918552037,0.9934718100890207
3,GSVT,0.9723004694835681,0.9329004329004329,0.9389978213507625,0.9359391965255156,0.9832134292565947
4,macro avg,,0.9555800221976595,0.9568023441512504,0.9544116712937659,
5,micro avg,,0.9605633802816902,0.9605633802816902,0.9605633802816902,
6,weighted avg,,0.9604721851123336,0.9604414728042729,0.9605633802816902,
