,Rhythm Group,ACC,F1-score,Precision,Recall,specificity
0,AFIB,0.9694835680751174,0.9280898876404494,0.9260089686098655,0.9270482603815937,0.9804154302670623
1,SB,0.9915492957746479,0.9922879177377892,0.9846938775510204,0.9884763124199744,0.9911242603550295
2,SR,0.9873239436619718,0.9752808988764045,0.9644444444444444,0.9698324022346368,0.9905044510385757
3,GSVT,0.9737089201877934,0.9264069264069265,0.9511111111111111,0.9385964912280702,0.986810551558753
4,macro avg,,0.9559883665660688,0.9565646004291103,0.9555164076653924,
5,micro avg,,0.9610328638497653,0.9610328638497653,0.9610328638497653,
6,weighted avg,,0.9609286595654136,0.9609187506465705,0.9610328638497653,
