,Rhythm Group,ACC,F1-score,Precision,Recall,specificity
0,AFIB,0.9713615023474178,0.9348314606741573,0.9285714285714286,0.931690929451288,0.9810089020771513
1,SB,0.9915492957746479,0.9922879177377892,0.9846938775510204,0.9884763124199744,0.9911242603550295
2,SR,0.9882629107981221,0.9685393258426966,0.9751131221719457,0.971815107102593,0.9934718100890207
3,GSVT,0.9755868544600939,0.9372294372294372,0.9495614035087719,0.9433551198257081,0.9862110311750599
4,macro avg,,0.9588343671998908,0.9594849579507917,0.95822203537102,
5,micro avg,,0.9633802816901409,0.9633802816901409,0.9633802816901409,
6,weighted avg,,0.9633449871777906,0.9633468686556563,0.9633802816901409,
