,Rhythm Group,ACC,F1-score,Precision,Recall,specificity
0,AFIB,0.9657276995305164,0.9168539325842696,0.918918918918919,0.9178852643419572,0.9786350148367953
1,SB,0.9910798122065728,0.9910025706940874,0.9846743295019157,0.9878283151825753,0.9911242603550295
2,SR,0.9882629107981221,0.9730337078651685,0.9708520179372198,0.9719416386083053,0.9922848664688427
3,GSVT,0.9704225352112676,0.9264069264069265,0.936542669584245,0.9314472252448314,0.9826139088729017
4,macro avg,,0.9522756108444173,0.9527469839855749,0.951824284387613,
5,micro avg,,0.9577464788732394,0.9577464788732394,0.9577464788732394,
6,weighted avg,,0.9576676145953157,0.9576091120194336,0.9577464788732394,
