,Rhythm Group,ACC,F1-score,Precision,Recall,specificity
0,AFIB,0.9549295774647887,0.9303370786516854,0.8643006263048016,0.8961038961038962,0.9614243323442137
1,SB,0.992018779342723,0.993573264781491,0.9847133757961783,0.9891234804862444,0.9911242603550295
2,SR,0.9877934272300469,0.9685393258426966,0.9729119638826185,0.9707207207207207,0.9928783382789318
3,GSVT,0.9572769953051643,0.8593073593073594,0.9385342789598109,0.8971751412429378,0.9844124700239808
4,macro avg,,0.9382808096384498,0.9401150612358523,0.9379392571458081,
5,micro avg,,0.9460093896713615,0.9460093896713615,0.9460093896713615,
6,weighted avg,,0.9459013791359107,0.9470748572217188,0.9460093896713615,
