,Rhythm Group,ACC,F1-score,Precision,Recall,specificity
0,AFIB,0.9671361502347418,0.9168539325842696,0.9251700680272109,0.9209932279909706,0.9804154302670623
1,SB,0.9901408450704225,0.9897172236503856,0.9833971902937421,0.9865470852017938,0.9903846153846154
2,SR,0.9882629107981221,0.9730337078651685,0.9708520179372198,0.9719416386083053,0.9922848664688427
3,GSVT,0.971830985915493,0.9329004329004329,0.9369565217391305,0.9349240780911063,0.9826139088729017
4,macro avg,,0.953601507473044,0.9540939494993258,0.9531263242500642,
5,micro avg,,0.9586854460093897,0.9586854460093897,0.9586854460093897,
6,weighted avg,,0.9586030854468377,0.9585383827916344,0.9586854460093897,
