,Rhythm Group,ACC,F1-score,Precision,Recall,specificity
0,AFIB,0.9708920187793427,0.9370786516853933,0.9246119733924612,0.9308035714285715,0.9798219584569733
1,SB,0.9910798122065728,0.9910025706940874,0.9846743295019157,0.9878283151825753,0.9911242603550295
2,SR,0.9882629107981221,0.9685393258426966,0.9751131221719457,0.971815107102593,0.9934718100890207
3,GSVT,0.9755868544600939,0.935064935064935,0.9515418502202643,0.9432314410480349,0.986810551558753
4,macro avg,,0.9584196086904436,0.9589853188216467,0.9579213708217781,
5,micro avg,,0.9629107981220657,0.9629107981220657,0.9629107981220657,
6,weighted avg,,0.962896087757091,0.9629420801316496,0.9629107981220657,
