,Rhythm Group,ACC,F1-score,Precision,Recall,specificity
0,AFIB,0.967605633802817,0.9280898876404494,0.9177777777777778,0.9229050279329608,0.9780415430267062
1,SB,0.9929577464788732,0.993573264781491,0.9872286079182631,0.9903907751441383,0.992603550295858
2,SR,0.9892018779342723,0.9730337078651685,0.9752252252252253,0.9741282339707535,0.9934718100890207
3,GSVT,0.9704225352112676,0.922077922077922,0.9403973509933775,0.9311475409836065,0.9838129496402878
4,macro avg,,0.9546428945078649,0.9551572404786609,0.9541936955912578,
5,micro avg,,0.960093896713615,0.960093896713615,0.960093896713615,
6,weighted avg,,0.9600441260768633,0.9600534128899932,0.960093896713615,
