,Rhythm Group,ACC,F1-score,Precision,Recall,specificity
0,AFIB,0.9704225352112676,0.946067415730337,0.9152173913043479,0.9303867403314918,0.9768545994065282
1,SB,0.9910798122065728,0.993573264781491,0.9822109275730623,0.9878594249201279,0.9896449704142012
2,SR,0.9873239436619718,0.9640449438202248,0.975,0.9694915254237289,0.9934718100890207
3,GSVT,0.9741784037558685,0.9199134199134199,0.9593679458239278,0.9392265193370165,0.9892086330935251
4,macro avg,,0.9567410525030913,0.9579490661753345,0.9558997610613682,
5,micro avg,,0.9615023474178404,0.9615023474178404,0.9615023474178404,
6,weighted avg,,0.9614662501326922,0.9617534421375268,0.9615023474178404,
