,Rhythm Group,ACC,F1-score,Precision,Recall,specificity
0,AFIB,0.9713615023474178,0.9370786516853933,0.9266666666666666,0.9318435754189943,0.9804154302670623
1,SB,0.992018779342723,0.9922879177377892,0.9859514687100894,0.9891095451633568,0.9918639053254438
2,SR,0.9896713615023475,0.9752808988764045,0.9752808988764045,0.9752808988764045,0.9934718100890207
3,GSVT,0.9755868544600939,0.9329004329004329,0.9535398230088495,0.9431072210065645,0.987410071942446
4,macro avg,,0.95983531011633,0.9603597143155026,0.9593869753000049,
5,micro avg,,0.964319248826291,0.964319248826291,0.964319248826291,
6,weighted avg,,0.9642784757293789,0.9643062476775609,0.964319248826291,
