,Rhythm Group,ACC,F1-score,Precision,Recall,specificity
0,AFIB,0.971830985915493,0.9258426966292135,0.9384965831435079,0.9321266968325792,0.9839762611275964
1,SB,0.9910798122065728,0.9948586118251928,0.9809885931558935,0.9878749202297383,0.988905325443787
2,SR,0.9877934272300469,0.9640449438202248,0.9772209567198178,0.9705882352941176,0.9940652818991098
3,GSVT,0.9741784037558685,0.9415584415584416,0.9395248380129589,0.9405405405405406,0.9832134292565947
4,macro avg,,0.9577825982242439,0.9590577427580446,0.9565761734582682,
5,micro avg,,0.9624413145539906,0.9624413145539906,0.9624413145539906,
6,weighted avg,,0.962349559842651,0.9623304722424658,0.9624413145539906,
