,Rhythm Group,ACC,F1-score,Precision,Recall,specificity
0,AFIB,0.9661971830985916,0.9146067415730337,0.9229024943310657,0.9187358916478554,0.9798219584569733
1,SB,0.9896713615023475,0.9922879177377892,0.9796954314720813,0.9859514687100894,0.9881656804733728
2,SR,0.9835680751173709,0.9550561797752809,0.9659090909090909,0.96045197740113,0.9910979228486647
3,GSVT,0.9751173708920188,0.9415584415584416,0.9436008676789588,0.942578548212351,0.9844124700239808
4,macro avg,,0.9519294714928566,0.9530269710977992,0.9508773201611364,
5,micro avg,,0.9572769953051643,0.9572769953051643,0.9572769953051643,
6,weighted avg,,0.9571737716701193,0.9571210337956939,0.9572769953051643,
