,Rhythm Group,ACC,F1-score,Precision,Recall,specificity
0,AFIB,0.967605633802817,0.9168539325842696,0.9272727272727272,0.9220338983050848,0.9810089020771513
1,SB,0.9910798122065728,0.9910025706940874,0.9846743295019157,0.9878283151825753,0.9911242603550295
2,SR,0.9877934272300469,0.9730337078651685,0.9686800894854586,0.9708520179372196,0.9916913946587537
3,GSVT,0.971830985915493,0.9329004329004329,0.9369565217391305,0.9349240780911063,0.9826139088729017
4,macro avg,,0.9539095773789965,0.954395916999808,0.9534476610109897,
5,micro avg,,0.9591549295774648,0.9591549295774648,0.9591549295774648,
6,weighted avg,,0.9590608385060847,0.9589903966447706,0.9591549295774648,
