,Rhythm Group,ACC,F1-score,Precision,Recall,specificity
0,AFIB,0.967605633802817,0.9303370786516854,0.915929203539823,0.923076923076923,0.9774480712166173
1,SB,0.9915492957746479,0.9922879177377892,0.9846938775510204,0.9884763124199744,0.9911242603550295
2,SR,0.9882629107981221,0.9685393258426966,0.9751131221719457,0.971815107102593,0.9934718100890207
3,GSVT,0.971830985915493,0.9242424242424242,0.9446902654867256,0.9343544857768052,0.9850119904076738
4,macro avg,,0.954430707094074,0.9551066171873787,0.9538516866186489,
5,micro avg,,0.9596244131455399,0.9596244131455399,0.9596244131455399,
6,weighted avg,,0.9595930971462482,0.9596490959301869,0.9596244131455399,
