,Rhythm Group,ACC,F1-score,Precision,Recall,specificity
0,AFIB,0.9727699530516432,0.9393258426966292,0.9309576837416481,0.9351230425055929,0.9816023738872404
1,SB,0.992018779342723,0.9922879177377892,0.9859514687100894,0.9891095451633568,0.9918639053254438
2,SR,0.9892018779342723,0.9707865168539326,0.9773755656108597,0.9740698985343855,0.9940652818991098
3,GSVT,0.9755868544600939,0.9372294372294372,0.9495614035087719,0.9433551198257081,0.9862110311750599
4,macro avg,,0.9604144015072608,0.9609615303928423,0.9599074286294471,
5,micro avg,,0.9647887323943662,0.9647887323943662,0.9647887323943662,
6,weighted avg,,0.9647643897931263,0.9647774211452431,0.9647887323943662,
