,Rhythm Group,ACC,F1-score,Precision,Recall,specificity
0,AFIB,0.968075117370892,0.9213483146067416,0.9255079006772009,0.9234234234234234,0.9804154302670623
1,SB,0.9896713615023475,0.9897172236503856,0.9821428571428571,0.9859154929577465,0.9896449704142012
2,SR,0.9877934272300469,0.9662921348314607,0.9750566893424036,0.9706546275395034,0.9934718100890207
3,GSVT,0.9737089201877934,0.9393939393939394,0.9393939393939394,0.9393939393939394,0.9832134292565947
4,macro avg,,0.9548468708286533,0.9555253466391003,0.9541879031206318,
5,micro avg,,0.9596244131455399,0.9596244131455399,0.9596244131455399,
6,weighted avg,,0.9595807446946615,0.9595579274252897,0.9596244131455399,
