,Rhythm Group,ACC,F1-score,Precision,Recall,specificity
0,AFIB,0.956338028169014,0.9438202247191011,0.860655737704918,0.9003215434083601,0.9596439169139466
1,SB,0.9915492957746479,0.9910025706940874,0.9859335038363172,0.9884615384615385,0.9918639053254438
2,SR,0.9845070422535211,0.9573033707865168,0.9681818181818181,0.9627118644067796,0.9916913946587537
3,GSVT,0.964319248826291,0.8722943722943723,0.9595238095238096,0.9138321995464852,0.9898081534772182
4,macro avg,,0.9413317864557909,0.9435737173117158,0.9411051346235194,
5,micro avg,,0.9483568075117371,0.9483568075117371,0.9483568075117371,
6,weighted avg,,0.948480478681357,0.9503234640160808,0.9483568075117371,
