,Rhythm Group,ACC,F1-score,Precision,Recall,specificity
0,AFIB,0.9666666666666667,0.9258426966292135,0.9155555555555556,0.9206703910614525,0.9774480712166173
1,SB,0.9943661971830986,0.993573264781491,0.9910256410256411,0.9922978177150192,0.9948224852071006
2,SR,0.9882629107981221,0.9730337078651685,0.9708520179372198,0.9719416386083053,0.9922848664688427
3,GSVT,0.9708920187793427,0.9242424242424242,0.9405286343612335,0.9323144104803492,0.9838129496402878
4,macro avg,,0.9543060644662815,0.9544904622199124,0.9541730233795743,
5,micro avg,,0.960093896713615,0.960093896713615,0.960093896713615,
6,weighted avg,,0.9600701000127927,0.9600908676042834,0.960093896713615,
