,Rhythm Group,ACC,F1-score,Precision,Recall,specificity
0,AFIB,0.9732394366197183,0.9303370786516854,0.9409090909090909,0.9355932203389831,0.9845697329376855
1,SB,0.9948356807511737,0.9974293059125964,0.9885350318471338,0.9929622520793346,0.9933431952662722
2,SR,0.9882629107981221,0.9730337078651685,0.9708520179372198,0.9719416386083053,0.9922848664688427
3,GSVT,0.9741784037558685,0.9372294372294372,0.9433551198257081,0.9402823018458196,0.9844124700239808
4,macro avg,,0.9601948532181107,0.9609128151297881,0.9595073824147218,
5,micro avg,,0.9652582159624413,0.9652582159624413,0.9652582159624413,
6,weighted avg,,0.9651587172779503,0.9650910861845801,0.9652582159624413,
